ch,my_ref,mt_ref,lxx_ref,other_ref,note
1,1:1,1:1,1:1,1:1
1,1:2,1:2,1:2,1:2
1,1:3,1:3,1:3,1:3
1,1:4,1:4,1:4,1:4
1,1:5,1:5,1:5,1:5
1,1:6,1:6,1:6,1:6
1,1:7,1:7,1:7,1:7
1,1:8,1:8,1:8,1:8
1,1:9,1:9,1:9,1:9
1,1:10,1:10,1:10,1:10
1,1:11,1:11,1:11,1:11
1,1:12,1:12,1:12,1:12
1,1:13,1:13,1:13,1:13
1,1:14,1:14,1:14,1:14
1,1:15,1:15,1:15,1:15
1,1:16,1:16,1:16,1:16
1,1:17,1:17,1:17,1:17
1,1:18,1:18,1:18,1:18
1,1:19,1:19,1:19,1:19
1,1:20,1:20,1:20,1:20
1,1:21,1:21,1:21,1:21
1,1:22,1:22,1:22,1:22
1,1:23,1:23,1:23,1:23
1,1:24,1:24,1:24,1:24
1,1:25,1:25,1:25,1:25
1,1:26,1:26,1:26,1:26
1,1:27,1:27,1:27,1:27
1,1:28,1:28,1:28,1:28
1,1:29,1:29,1:29,1:29
1,1:30,1:30,1:30,1:30
1,1:31,1:31,1:31,1:31
2,2:1,2:1,2:1,2:1
2,2:2,2:2,2:2,2:2
2,2:3,2:3,2:3,2:3
2,2:4,2:4,2:4,2:4
2,2:5,2:5,2:5,2:5
2,2:6,2:6,2:6,2:6
2,2:7,2:7,2:7,2:7
2,2:8,2:8,2:8,2:8
2,2:9,2:9,2:9,2:9
2,2:10,2:10,2:10,2:10
2,2:11,2:11,2:11,2:11
2,2:12,2:12,2:12,2:12
2,2:13,2:13,2:13,2:13
2,2:14,2:14,2:14,2:14
2,2:15,2:15,2:15,2:15
2,2:16,2:16,2:16,2:16
2,2:17,2:17,2:17,2:17
2,2:18,2:18,2:18,2:18
2,2:19,2:19,2:19,2:19
2,2:20,2:20,2:20,2:20
2,2:21,2:21,2:21,2:21
2,2:22,2:22,2:22,2:22
2,2:23,2:23,2:23,2:23
2,2:24,2:24,2:24,2:24
2,2:25,2:25,2:25,2:25
3,3:1,3:1,3:1,3:1
3,3:2,3:2,3:2,3:2
3,3:3,3:3,3:3,3:3
3,3:4,3:4,3:4,3:4
3,3:5,3:5,3:5,3:5
3,3:6,3:6,3:6,3:6
3,3:7,3:7,3:7,3:7
3,3:8,3:8,3:8,3:8
3,3:9,3:9,3:9,3:9
3,3:10,3:10,3:10,3:10
3,3:11,3:11,3:11,3:11
3,3:12,3:12,3:12,3:12
3,3:13,3:13,3:13,3:13
3,3:14,3:14,3:14,3:14
3,3:15,3:15,3:15,3:15
3,3:16,3:16,3:16,3:16
3,3:17,3:17,3:17,3:17
3,3:18,3:18,3:18,3:18
3,3:19,3:19,3:19,3:19
3,3:20,3:20,3:20,3:20
3,3:21,3:21,3:21,3:21
3,3:22,3:22,3:22,3:22
3,3:23,3:23,3:23,3:23
3,3:24,3:24,3:24,3:24
4,4:1,4:1,4:1,4:1
4,4:2,4:2,4:2,4:2
4,4:3,4:3,4:3,4:3
4,4:4,4:4,4:4,4:4
4,4:5,4:5,4:5,4:5
4,4:6,4:6,4:6,4:6
4,4:7,4:7,4:7,4:7
4,4:8,4:8,4:8,4:8
4,4:9,4:9,4:9,4:9
4,4:10,4:10,4:10,4:10
4,4:11,4:11,4:11,4:11
4,4:12,4:12,4:12,4:12
4,4:13,4:13,4:13,4:13
4,4:14,4:14,4:14,4:14
4,4:15,4:15,4:15,4:15
4,4:16,4:16,4:16,4:16
4,4:17,4:17,4:17,4:17
4,4:18,4:18,4:18,4:18
4,4:19,4:19,4:19,4:19
4,4:20,4:20,4:20,4:20
4,4:21,4:21,4:21,4:21
4,4:22,4:22,4:22,4:22
4,4:23,4:23,4:23,4:23
4,4:24,4:24,4:24,4:24
4,4:25,4:25,4:25,4:25
4,4:26,4:26,4:26,4:26
5,5:1,5:1,5:1,5:1
5,5:2,5:2,5:2,5:2
5,5:3,5:3,5:3,5:3
5,5:4,5:4,5:4,5:4
5,5:5,5:5,5:5,5:5
5,5:6,5:6,5:6,5:6
5,5:7,5:7,5:7,5:7
5,5:8,5:8,5:8,5:8
5,5:9,5:9,5:9,5:9
5,5:10,5:10,5:10,5:10
5,5:11,5:11,5:11,5:11
5,5:12,5:12,5:12,5:12
5,5:13,5:13,5:13,5:13
5,5:14,5:14,5:14,5:14
5,5:15,5:15,5:15,5:15
5,5:16,5:16,5:16,5:16
5,5:17,5:17,5:17,5:17
5,5:18,5:18,5:18,5:18
5,5:19,5:19,5:19,5:19
5,5:20,5:20,5:20,5:20
5,5:21,5:21,5:21,5:21
5,5:22,5:22,5:22,5:22
5,5:23,5:23,5:23,5:23
5,5:24,5:24,5:24,5:24
5,5:25,5:25,5:25,5:25
5,5:26,5:26,5:26,5:26
5,5:27,5:27,5:27,5:27
5,5:28,5:28,5:28,5:28
5,5:29,5:29,5:29,5:29
5,5:30,5:30,5:30,5:30
5,5:31,5:31,5:31,5:31
5,5:32,5:32,5:32,5:32
6,6:1,6:1,6:1,6:1
6,6:2,6:2,6:2,6:2
6,6:3,6:3,6:3,6:3
6,6:4,6:4,6:4,6:4
6,6:5,6:5,6:5,6:5
6,6:6,6:6,6:6,6:6
6,6:7,6:7,6:7,6:7
6,6:8,6:8,6:8,6:8
6,6:9,6:9,6:9,6:9
6,6:10,6:10,6:10,6:10
6,6:11,6:11,6:11,6:11
6,6:12,6:12,6:12,6:12
6,6:13,6:13,6:13,6:13
6,6:14,6:14,6:14,6:14
6,6:15,6:15,6:15,6:15
6,6:16,6:16,6:16,6:16
6,6:17,6:17,6:17,6:17
6,6:18,6:18,6:18,6:18
6,6:19,6:19,6:19,6:19
6,6:20,6:20,6:20,6:20
6,6:21,6:21,6:21,6:21
6,6:22,6:22,6:22,6:22
7,7:1,7:1,7:1,7:1
7,7:2,7:2,7:2,7:2
7,7:3,7:3,7:3,7:3
7,7:4,7:4,7:4,7:4
7,7:5,7:5,7:5,7:5
7,7:6,7:6,7:6,7:6
7,7:7,7:7,7:7,7:7
7,7:8,7:8,7:8,7:8
7,7:9,7:9,7:9,7:9
7,7:10,7:10,7:10,7:10
7,7:11,7:11,7:11,7:11
7,7:12,7:12,7:12,7:12
7,7:13,7:13,7:13,7:13
7,7:14,7:14,7:14,7:14
7,7:15,7:15,7:15,7:15
7,7:16,7:16,7:16,7:16
7,7:17,7:17,7:17,7:17
7,7:18,7:18,7:18,7:18
7,7:19,7:19,7:19,7:19
7,7:20,7:20,7:20,7:20
7,7:21,7:21,7:21,7:21
7,7:22,7:22,7:22,7:22
7,7:23,7:23,7:23,7:23
7,7:24,7:24,7:24,7:24
8,8:1,8:1,8:1,8:1
8,8:2,8:2,8:2,8:2
8,8:3,8:3,8:3,8:3
8,8:4,8:4,8:4,8:4
8,8:5,8:5,8:5,8:5
8,8:6,8:6,8:6,8:6
8,8:7,8:7,8:7,8:7
8,8:8,8:8,8:8,8:8
8,8:9,8:9,8:9,8:9
8,8:10,8:10,8:10,8:10
8,8:11,8:11,8:11,8:11
8,8:12,8:12,8:12,8:12
8,8:13,8:13,8:13,8:13
8,8:14,8:14,8:14,8:14
8,8:15,8:15,8:15,8:15
8,8:16,8:16,8:16,8:16
8,8:17,8:17,8:17,8:17
8,8:18,8:18,8:18,8:18
8,8:19,8:19,8:19,8:19
8,8:20,8:20,8:20,8:20
8,8:21,8:21,8:21,8:21
8,8:22,8:22,8:22,8:22
9,9:1,9:1,9:1,9:1
9,9:2,9:2,9:2,9:2
9,9:3,9:3,9:3,9:3
9,9:4,9:4,9:4,9:4
9,9:5,9:5,9:5,9:5
9,9:6,9:6,9:6,9:6
9,9:7,9:7,9:7,9:7
9,9:8,9:8,9:8,9:8
9,9:9,9:9,9:9,9:9
9,9:10,9:10,9:10,9:10
9,9:11,9:11,9:11,9:11
9,9:12,9:12,9:12,9:12
9,9:13,9:13,9:13,9:13
9,9:14,9:14,9:14,9:14
9,9:15,9:15,9:15,9:15
9,9:16,9:16,9:16,9:16
9,9:17,9:17,9:17,9:17
9,9:18,9:18,9:18,9:18
9,9:19,9:19,9:19,9:19
9,9:20,9:20,9:20,9:20
9,9:21,9:21,9:21,9:21
9,9:22,9:22,9:22,9:22
9,9:23,9:23,9:23,9:23
9,9:24,9:24,9:24,9:24
9,9:25,9:25,9:25,9:25
9,9:26,9:26,9:26,9:26
9,9:27,9:27,9:27,9:27
9,9:28,9:28,9:28,9:28
9,9:29,9:29,9:29,9:29
10,10:1,10:1,10:1,10:1
10,10:2,10:2,10:2,10:2
10,10:3,10:3,10:3,10:3
10,10:4,10:4,10:4,10:4
10,10:5,10:5,10:5,10:5
10,10:6,10:6,10:6,10:6
10,10:7,10:7,10:7,10:7
10,10:8,10:8,10:8,10:8
10,10:9,10:9,10:9,10:9
10,10:10,10:10,10:10,10:10
10,10:11,10:11,10:11,10:11
10,10:12,10:12,10:12,10:12
10,10:13,10:13,10:13,10:13
10,10:14,10:14,10:14,10:14
10,10:15,10:15,10:15,10:15
10,10:16,10:16,10:16,10:16
10,10:17,10:17,10:17,10:17
10,10:18,10:18,10:18,10:18
10,10:19,10:19,10:19,10:19
10,10:20,10:20,10:20,10:20
10,10:21,10:21,10:21,10:21
10,10:22,10:22,10:22,10:22
10,10:23,10:23,10:23,10:23
10,10:24,10:24,10:24,10:24
10,10:25,10:25,10:25,10:25
10,10:26,10:26,10:26,10:26
10,10:27,10:27,10:27,10:27
10,10:28,10:28,10:28,10:28
10,10:29,10:29,10:29,10:29
10,10:30,10:30,10:30,10:30
10,10:31,10:31,10:31,10:31
10,10:32,10:32,10:32,10:32
11,11:1,11:1,11:1,11:1
11,11:2,11:2,11:2,11:2
11,11:3,11:3,11:3,11:3
11,11:4,11:4,11:4,11:4
11,11:5,11:5,11:5,11:5
11,11:6,11:6,11:6,11:6
11,11:7,11:7,11:7,11:7
11,11:8,11:8,11:8,11:8
11,11:9,11:9,11:9,11:9
11,11:10,11:10,11:10,11:10
11,11:11,11:11,11:11,11:11
11,11:12,11:12,11:12,11:12
11,11:13,11:13,11:13,11:13
11,11:14,11:14,11:14,11:14
11,11:15,11:15,11:15,11:15
11,11:16,11:16,11:16,11:16
11,11:17,11:17,11:17,11:17
11,11:18,11:18,11:18,11:18
11,11:19,11:19,11:19,11:19
11,11:20,11:20,11:20,11:20
11,11:21,11:21,11:21,11:21
11,11:22,11:22,11:22,11:22
11,11:23,11:23,11:23,11:23
11,11:24,11:24,11:24,11:24
11,11:25,11:25,11:25,11:25
11,11:26,11:26,11:26,11:26
11,11:27,11:27,11:27,11:27
11,11:28,11:28,11:28,11:28
11,11:29,11:29,11:29,11:29
11,11:30,11:30,11:30,11:30
11,11:31,11:31,11:31,11:31
11,11:32,11:32,11:32,11:32
12,12:1,12:1,12:1,12:1
12,12:2,12:2,12:2,12:2
12,12:3,12:3,12:3,12:3
12,12:4,12:4,12:4,12:4
12,12:5,12:5,12:5,12:5
12,12:6,12:6,12:6,12:6
12,12:7,12:7,12:7,12:7
12,12:8,12:8,12:8,12:8
12,12:9,12:9,12:9,12:9
12,12:10,12:10,12:10,12:10
12,12:11,12:11,12:11,12:11
12,12:12,12:12,12:12,12:12
12,12:13,12:13,12:13,12:13
12,12:14,12:14,12:14,12:14
12,12:15,12:15,12:15,12:15
12,12:16,12:16,12:16,12:16
12,12:17,12:17,12:17,12:17
12,12:18,12:18,12:18,12:18
12,12:19,12:19,12:19,12:19
12,12:20,12:20,12:20,12:20
13,13:1,13:1,13:1,13:1
13,13:2,13:2,13:2,13:2
13,13:3,13:3,13:3,13:3
13,13:4,13:4,13:4,13:4
13,13:5,13:5,13:5,13:5
13,13:6,13:6,13:6,13:6
13,13:7,13:7,13:7,13:7
13,13:8,13:8,13:8,13:8
13,13:9,13:9,13:9,13:9
13,13:10,13:10,13:10,13:10
13,13:11,13:11,13:11,13:11
13,13:12,13:12,13:12,13:12
13,13:13,13:13,13:13,13:13
13,13:14,13:14,13:14,13:14
13,13:15,13:15,13:15,13:15
13,13:16,13:16,13:16,13:16
13,13:17,13:17,13:17,13:17
13,13:18,13:18,13:18,13:18
14,14:1,14:1,14:1,14:1
14,14:2,14:2,14:2,14:2
14,14:3,14:3,14:3,14:3
14,14:4,14:4,14:4,14:4
14,14:5,14:5,14:5,14:5
14,14:6,14:6,14:6,14:6
14,14:7,14:7,14:7,14:7
14,14:8,14:8,14:8,14:8
14,14:9,14:9,14:9,14:9
14,14:10,14:10,14:10,14:10
14,14:11,14:11,14:11,14:11
14,14:12,14:12,14:12,14:12
14,14:13,14:13,14:13,14:13
14,14:14,14:14,14:14,14:14
14,14:15,14:15,14:15,14:15
14,14:16,14:16,14:16,14:16
14,14:17,14:17,14:17,14:17
14,14:18,14:18,14:18,14:18
14,14:19,14:19,14:19,14:19
14,14:20,14:20,14:20,14:20
14,14:21,14:21,14:21,14:21
14,14:22,14:22,14:22,14:22
14,14:23,14:23,14:23,14:23
14,14:24,14:24,14:24,14:24
15,15:1,15:1,15:1,15:1
15,15:2,15:2,15:2,15:2
15,15:3,15:3,15:3,15:3
15,15:4,15:4,15:4,15:4
15,15:5,15:5,15:5,15:5
15,15:6,15:6,15:6,15:6
15,15:7,15:7,15:7,15:7
15,15:8,15:8,15:8,15:8
15,15:9,15:9,15:9,15:9
15,15:10,15:10,15:10,15:10
15,15:11,15:11,15:11,15:11
15,15:12,15:12,15:12,15:12
15,15:13,15:13,15:13,15:13
15,15:14,15:14,15:14,15:14
15,15:15,15:15,15:15,15:15
15,15:16,15:16,15:16,15:16
15,15:17,15:17,15:17,15:17
15,15:18,15:18,15:18,15:18
15,15:19,15:19,15:19,15:19
15,15:20,15:20,15:20,15:20
15,15:21,15:21,15:21,15:21
16,16:1,16:1,16:1,16:1
16,16:2,16:2,16:2,16:2
16,16:3,16:3,16:3,16:3
16,16:4,16:4,16:4,16:4
16,16:5,16:5,16:5,16:5
16,16:6,16:6,16:6,16:6
16,16:7,16:7,16:7,16:7
16,16:8,16:8,16:8,16:8
16,16:9,16:9,16:9,16:9
16,16:10,16:10,16:10,16:10
16,16:11,16:11,16:11,16:11
16,16:12,16:12,16:12,16:12
16,16:13,16:13,16:13,16:13
16,16:14,16:14,16:14,16:14
16,16:15,16:15,16:15,16:15
16,16:16,16:16,16:16,16:16
17,17:1,17:1,17:1,17:1
17,17:2,17:2,17:2,17:2
17,17:3,17:3,17:3,17:3
17,17:4,17:4,17:4,17:4
17,17:5,17:5,17:5,17:5
17,17:6,17:6,17:6,17:6
17,17:7,17:7,17:7,17:7
17,17:8,17:8,17:8,17:8
17,17:9,17:9,17:9,17:9
17,17:10,17:10,17:10,17:10
17,17:11,17:11,17:11,17:11
17,17:12,17:12,17:12,17:12
17,17:13,17:13,17:13,17:13
17,17:14,17:14,17:14,17:14
17,17:15,17:15,17:15,17:15
17,17:16,17:16,17:16,17:16
17,17:17,17:17,17:17,17:17
17,17:18,17:18,17:18,17:18
17,17:19,17:19,17:19,17:19
17,17:20,17:20,17:20,17:20
17,17:21,17:21,17:21,17:21
17,17:22,17:22,17:22,17:22
17,17:23,17:23,17:23,17:23
17,17:24,17:24,17:24,17:24
17,17:25,17:25,17:25,17:25
17,17:26,17:26,17:26,17:26
17,17:27,17:27,17:27,17:27
18,18:1,18:1,18:1,18:1
18,18:2,18:2,18:2,18:2
18,18:3,18:3,18:3,18:3
18,18:4,18:4,18:4,18:4
18,18:5,18:5,18:5,18:5
18,18:6,18:6,18:6,18:6
18,18:7,18:7,18:7,18:7
18,18:8,18:8,18:8,18:8
18,18:9,18:9,18:9,18:9
18,18:10,18:10,18:10,18:10
18,18:11,18:11,18:11,18:11
18,18:12,18:12,18:12,18:12
18,18:13,18:13,18:13,18:13
18,18:14,18:14,18:14,18:14
18,18:15,18:15,18:15,18:15
18,18:16,18:16,18:16,18:16
18,18:17,18:17,18:17,18:17
18,18:18,18:18,18:18,18:18
18,18:19,18:19,18:19,18:19
18,18:20,18:20,18:20,18:20
18,18:21,18:21,18:21,18:21
18,18:22,18:22,18:22,18:22
18,18:23,18:23,18:23,18:23
18,18:24,18:24,18:24,18:24
18,18:25,18:25,18:25,18:25
18,18:26,18:26,18:26,18:26
18,18:27,18:27,18:27,18:27
18,18:28,18:28,18:28,18:28
18,18:29,18:29,18:29,18:29
18,18:30,18:30,18:30,18:30
18,18:31,18:31,18:31,18:31
18,18:32,18:32,18:32,18:32
18,18:33,18:33,18:33,18:33
19,19:1,19:1,19:1,19:1
19,19:2,19:2,19:2,19:2
19,19:3,19:3,19:3,19:3
19,19:4,19:4,19:4,19:4
19,19:5,19:5,19:5,19:5
19,19:6,19:6,19:6,19:6
19,19:7,19:7,19:7,19:7
19,19:8,19:8,19:8,19:8
19,19:9,19:9,19:9,19:9
19,19:10,19:10,19:10,19:10
19,19:11,19:11,19:11,19:11
19,19:12,19:12,19:12,19:12
19,19:13,19:13,19:13,19:13
19,19:14,19:14,19:14,19:14
19,19:15,19:15,19:15,19:15
19,19:16,19:16,19:16,19:16
19,19:17,19:17,19:17,19:17
19,19:18,19:18,19:18,19:18
19,19:19,19:19,19:19,19:19
19,19:20,19:20,19:20,19:20
19,19:21,19:21,19:21,19:21
19,19:22,19:22,19:22,19:22
19,19:23,19:23,19:23,19:23
19,19:24,19:24,19:24,19:24
19,19:25,19:25,19:25,19:25
19,19:26,19:26,19:26,19:26
19,19:27,19:27,19:27,19:27
19,19:28,19:28,19:28,19:28
19,19:29,19:29,19:29,19:29
19,19:30,19:30,19:30,19:30
19,19:31,19:31,19:31,19:31
19,19:32,19:32,19:32,19:32
19,19:33,19:33,19:33,19:33
19,19:34,19:34,19:34,19:34
19,19:35,19:35,19:35,19:35
19,19:36,19:36,19:36,19:36
19,19:37,19:37,19:37,19:37
19,19:38,19:38,19:38,19:38
20,20:1,20:1,20:1,20:1
20,20:2,20:2,20:2,20:2
20,20:3,20:3,20:3,20:3
20,20:4,20:4,20:4,20:4
20,20:5,20:5,20:5,20:5
20,20:6,20:6,20:6,20:6
20,20:7,20:7,20:7,20:7
20,20:8,20:8,20:8,20:8
20,20:9,20:9,20:9,20:9
20,20:10,20:10,20:10,20:10
20,20:11,20:11,20:11,20:11
20,20:12,20:12,20:12,20:12
20,20:13,20:13,20:13,20:13
20,20:14,20:14,20:14,20:14
20,20:15,20:15,20:15,20:15
20,20:16,20:16,20:16,20:16
20,20:17,20:17,20:17,20:17
20,20:18,20:18,20:18,20:18
21,21:1,21:1,21:1,21:1
21,21:2,21:2,21:2,21:2
21,21:3,21:3,21:3,21:3
21,21:4,21:4,21:4,21:4
21,21:5,21:5,21:5,21:5
21,21:6,21:6,21:6,21:6
21,21:7,21:7,21:7,21:7
21,21:8,21:8,21:8,21:8
21,21:9,21:9,21:9,21:9
21,21:10,21:10,21:10,21:10
21,21:11,21:11,21:11,21:11
21,21:12,21:12,21:12,21:12
21,21:13,21:13,21:13,21:13
21,21:14,21:14,21:14,21:14
21,21:15,21:15,21:15,21:15
21,21:16,21:16,21:16,21:16
21,21:17,21:17,21:17,21:17
21,21:18,21:18,21:18,21:18
21,21:19,21:19,21:19,21:19
21,21:20,21:20,21:20,21:20
21,21:21,21:21,21:21,21:21
21,21:22,21:22,21:22,21:22
21,21:23,21:23,21:23,21:23
21,21:24,21:24,21:24,21:24
21,21:25,21:25,21:25,21:25
21,21:26,21:26,21:26,21:26
21,21:27,21:27,21:27,21:27
21,21:28,21:28,21:28,21:28
21,21:29,21:29,21:29,21:29
21,21:30,21:30,21:30,21:30
21,21:31,21:31,21:31,21:31
21,21:32,21:32,21:32,21:32
21,21:33,21:33,21:33,21:33
21,21:34,21:34,21:34,21:34
22,22:1,22:1,22:1,22:1
22,22:2,22:2,22:2,22:2
22,22:3,22:3,22:3,22:3
22,22:4,22:4,22:4,22:4
22,22:5,22:5,22:5,22:5
22,22:6,22:6,22:6,22:6
22,22:7,22:7,22:7,22:7
22,22:8,22:8,22:8,22:8
22,22:9,22:9,22:9,22:9
22,22:10,22:10,22:10,22:10
22,22:11,22:11,22:11,22:11
22,22:12,22:12,22:12,22:12
22,22:13,22:13,22:13,22:13
22,22:14,22:14,22:14,22:14
22,22:15,22:15,22:15,22:15
22,22:16,22:16,22:16,22:16
22,22:17,22:17,22:17,22:17
22,22:18,22:18,22:18,22:18
22,22:19,22:19,22:19,22:19
22,22:20,22:20,22:20,22:20
22,22:21,22:21,22:21,22:21
22,22:22,22:22,22:22,22:22
22,22:23,22:23,22:23,22:23
22,22:24,22:24,22:24,22:24
23,23:1,23:1,23:1,23:1
23,23:2,23:2,23:2,23:2
23,23:3,23:3,23:3,23:3
23,23:4,23:4,23:4,23:4
23,23:5,23:5,23:5,23:5
23,23:6,23:6,23:6,23:6
23,23:7,23:7,23:7,23:7
23,23:8,23:8,23:8,23:8
23,23:9,23:9,23:9,23:9
23,23:10,23:10,23:10,23:10
23,23:11,23:11,23:11,23:11
23,23:12,23:12,23:12,23:12
23,23:13,23:13,23:13,23:13
23,23:14,23:14,23:14,23:14
23,23:15,23:15,23:15,23:15
23,23:16,23:16,23:16,23:16
23,23:17,23:17,23:17,23:17
23,23:18,23:18,23:18,23:18
23,23:19,23:19,23:19,23:19
23,23:20,23:20,23:20,23:20
24,24:1,24:1,24:1,24:1
24,24:2,24:2,24:2,24:2
24,24:3,24:3,24:3,24:3
24,24:4,24:4,24:4,24:4
24,24:5,24:5,24:5,24:5
24,24:6,24:6,24:6,24:6
24,24:7,24:7,24:7,24:7
24,24:8,24:8,24:8,24:8
24,24:9,24:9,24:9,24:9
24,24:10,24:10,24:10,24:10
24,24:11,24:11,24:11,24:11
24,24:12,24:12,24:12,24:12
24,24:13,24:13,24:13,24:13
24,24:14,24:14,24:14,24:14
24,24:15,24:15,24:15,24:15
24,24:16,24:16,24:16,24:16
24,24:17,24:17,24:17,24:17
24,24:18,24:18,24:18,24:18
24,24:19,24:19,24:19,24:19
24,24:20,24:20,24:20,24:20
24,24:21,24:21,24:21,24:21
24,24:22,24:22,24:22,24:22
24,24:23,24:23,24:23,24:23
24,24:24,24:24,24:24,24:24
24,24:25,24:25,24:25,24:25
24,24:26,24:26,24:26,24:26
24,24:27,24:27,24:27,24:27
24,24:28,24:28,24:28,24:28
24,24:29,24:29,24:29,24:29
24,24:30,24:30,24:30,24:30
24,24:31,24:31,24:31,24:31
24,24:32,24:32,24:32,24:32
24,24:33,24:33,24:33,24:33
24,24:34,24:34,24:34,24:34
24,24:35,24:35,24:35,24:35
24,24:36,24:36,24:36,24:36
24,24:37,24:37,24:37,24:37
24,24:38,24:38,24:38,24:38
24,24:39,24:39,24:39,24:39
24,24:40,24:40,24:40,24:40
24,24:41,24:41,24:41,24:41
24,24:42,24:42,24:42,24:42
24,24:43,24:43,24:43,24:43
24,24:44,24:44,24:44,24:44
24,24:45,24:45,24:45,24:45
24,24:46,24:46,24:46,24:46
24,24:47,24:47,24:47,24:47
24,24:48,24:48,24:48,24:48
24,24:49,24:49,24:49,24:49
24,24:50,24:50,24:50,24:50
24,24:51,24:51,24:51,24:51
24,24:52,24:52,24:52,24:52
24,24:53,24:53,24:53,24:53
24,24:54,24:54,24:54,24:54
24,24:55,24:55,24:55,24:55
24,24:56,24:56,24:56,24:56
24,24:57,24:57,24:57,24:57
24,24:58,24:58,24:58,24:58
24,24:59,24:59,24:59,24:59
24,24:60,24:60,24:60,24:60
24,24:61,24:61,24:61,24:61
24,24:62,24:62,24:62,24:62
24,24:63,24:63,24:63,24:63
24,24:64,24:64,24:64,24:64
24,24:65,24:65,24:65,24:65
24,24:66,24:66,24:66,24:66
24,24:67,24:67,24:67,24:67
25,25:1,25:1,25:1,25:1
25,25:2,25:2,25:2,25:2
25,25:3,25:3,25:3,25:3
25,25:4,25:4,25:4,25:4
25,25:5,25:5,25:5,25:5
25,25:6,25:6,25:6,25:6
25,25:7,25:7,25:7,25:7
25,25:8,25:8,25:8,25:8
25,25:9,25:9,25:9,25:9
25,25:10,25:10,25:10,25:10
25,25:11,25:11,25:11,25:11
25,25:12,25:12,25:12,25:12
25,25:13,25:13,25:13,25:13
25,25:14,25:14,25:14,25:14
25,25:15,25:15,25:15,25:15
25,25:16,25:16,25:16,25:16
25,25:17,25:17,25:17,25:17
25,25:18,25:18,25:18,25:18
25,25:19,25:19,25:19,25:19
25,25:20,25:20,25:20,25:20
25,25:21,25:21,25:21,25:21
25,25:22,25:22,25:22,25:22
25,25:23,25:23,25:23,25:23
25,25:24,25:24,25:24,25:24
25,25:25,25:25,25:25,25:25
25,25:26,25:26,25:26,25:26
25,25:27,25:27,25:27,25:27
25,25:28,25:28,25:28,25:28
25,25:29,25:29,25:29,25:29
25,25:30,25:30,25:30,25:30
25,25:31,25:31,25:31,25:31
25,25:32,25:32,25:32,25:32
25,25:33,25:33,25:33,25:33
25,25:34,25:34,25:34,25:34
26,26:1,26:1,26:1,26:1
26,26:2,26:2,26:2,26:2
26,26:3,26:3,26:3,26:3
26,26:4,26:4,26:4,26:4
26,26:5,26:5,26:5,26:5
26,26:6,26:6,26:6,26:6
26,26:7,26:7,26:7,26:7
26,26:8,26:8,26:8,26:8
26,26:9,26:9,26:9,26:9
26,26:10,26:10,26:10,26:10
26,26:11,26:11,26:11,26:11
26,26:12,26:12,26:12,26:12
26,26:13,26:13,26:13,26:13
26,26:14,26:14,26:14,26:14
26,26:15,26:15,26:15,26:15
26,26:16,26:16,26:16,26:16
26,26:17,26:17,26:17,26:17
26,26:18,26:18,26:18,26:18
26,26:19,26:19,26:19,26:19
26,26:20,26:20,26:20,26:20
26,26:21,26:21,26:21,26:21
26,26:22,26:22,26:22,26:22
26,26:23,26:23,26:23,26:23
26,26:24,26:24,26:24,26:24
26,26:25,26:25,26:25,26:25
26,26:26,26:26,26:26,26:26
26,26:27,26:27,26:27,26:27
26,26:28,26:28,26:28,26:28
26,26:29,26:29,26:29,26:29
26,26:30,26:30,26:30,26:30
26,26:31,26:31,26:31,26:31
26,26:32,26:32,26:32,26:32
26,26:33,26:33,26:33,26:33
26,26:34,26:34,26:34,26:34
26,26:35,26:35,26:35,26:35
27,27:1,27:1,27:1,27:1
27,27:2,27:2,27:2,27:2
27,27:3,27:3,27:3,27:3
27,27:4,27:4,27:4,27:4
27,27:5,27:5,27:5,27:5
27,27:6,27:6,27:6,27:6
27,27:7,27:7,27:7,27:7
27,27:8,27:8,27:8,27:8
27,27:9,27:9,27:9,27:9
27,27:10,27:10,27:10,27:10
27,27:11,27:11,27:11,27:11
27,27:12,27:12,27:12,27:12
27,27:13,27:13,27:13,27:13
27,27:14,27:14,27:14,27:14
27,27:15,27:15,27:15,27:15
27,27:16,27:16,27:16,27:16
27,27:17,27:17,27:17,27:17
27,27:18,27:18,27:18,27:18
27,27:19,27:19,27:19,27:19
27,27:20,27:20,27:20,27:20
27,27:21,27:21,27:21,27:21
27,27:22,27:22,27:22,27:22
27,27:23,27:23,27:23,27:23
27,27:24,27:24,27:24,27:24
27,27:25,27:25,27:25,27:25
27,27:26,27:26,27:26,27:26
27,27:27,27:27,27:27,27:27
27,27:28,27:28,27:28,27:28
27,27:29,27:29,27:29,27:29
27,27:30,27:30,27:30,27:30
27,27:31,27:31,27:31,27:31
27,27:32,27:32,27:32,27:32
27,27:33,27:33,27:33,27:33
27,27:34,27:34,27:34,27:34
27,27:35,27:35,27:35,27:35
27,27:36,27:36,27:36,27:36
27,27:37,27:37,27:37,27:37
27,27:38,27:38,27:38,27:38
27,27:39,27:39,27:39,27:39
27,27:40,27:40,27:40,27:40
27,27:41,27:41,27:41,27:41
27,27:42,27:42,27:42,27:42
27,27:43,27:43,27:43,27:43
27,27:44,27:44,27:44,27:44
27,27:45,27:45,27:45,27:45
27,27:46,27:46,27:46,27:46
28,28:1,28:1,28:1,28:1
28,28:2,28:2,28:2,28:2
28,28:3,28:3,28:3,28:3
28,28:4,28:4,28:4,28:4
28,28:5,28:5,28:5,28:5
28,28:6,28:6,28:6,28:6
28,28:7,28:7,28:7,28:7
28,28:8,28:8,28:8,28:8
28,28:9,28:9,28:9,28:9
28,28:10,28:10,28:10,28:10
28,28:11,28:11,28:11,28:11
28,28:12,28:12,28:12,28:12
28,28:13,28:13,28:13,28:13
28,28:14,28:14,28:14,28:14
28,28:15,28:15,28:15,28:15
28,28:16,28:16,28:16,28:16
28,28:17,28:17,28:17,28:17
28,28:18,28:18,28:18,28:18
28,28:19,28:19,28:19,28:19
28,28:20,28:20,28:20,28:20
28,28:21,28:21,28:21,28:21
28,28:22,28:22,28:22,28:22
29,29:1,29:1,29:1,29:1
29,29:2,29:2,29:2,29:2
29,29:3,29:3,29:3,29:3
29,29:4,29:4,29:4,29:4
29,29:5,29:5,29:5,29:5
29,29:6,29:6,29:6,29:6
29,29:7,29:7,29:7,29:7
29,29:8,29:8,29:8,29:8
29,29:9,29:9,29:9,29:9
29,29:10,29:10,29:10,29:10
29,29:11,29:11,29:11,29:11
29,29:12,29:12,29:12,29:12
29,29:13,29:13,29:13,29:13
29,29:14,29:14,29:14,29:14
29,29:15,29:15,29:15,29:15
29,29:16,29:16,29:16,29:16
29,29:17,29:17,29:17,29:17
29,29:18,29:18,29:18,29:18
29,29:19,29:19,29:19,29:19
29,29:20,29:20,29:20,29:20
29,29:21,29:21,29:21,29:21
29,29:22,29:22,29:22,29:22
29,29:23,29:23,29:23,29:23
29,29:24,29:24,29:24,29:24
29,29:25,29:25,29:25,29:25
29,29:26,29:26,29:26,29:26
29,29:27,29:27,29:27,29:27
29,29:28,29:28,29:28,29:28
29,29:29,29:29,29:29,29:29
29,29:30,29:30,29:30,29:30
29,29:31,29:31,29:31,29:31
29,29:32,29:32,29:32,29:32
29,29:33,29:33,29:33,29:33
29,29:34,29:34,29:34,29:34
29,29:35,29:35,29:35,29:35
30,30:1,30:1,30:1,30:1
30,30:2,30:2,30:2,30:2
30,30:3,30:3,30:3,30:3
30,30:4,30:4,30:4,30:4
30,30:5,30:5,30:5,30:5
30,30:6,30:6,30:6,30:6
30,30:7,30:7,30:7,30:7
30,30:8,30:8,30:8,30:8
30,30:9,30:9,30:9,30:9
30,30:10,30:10,30:10,30:10
30,30:11,30:11,30:11,30:11
30,30:12,30:12,30:12,30:12
30,30:13,30:13,30:13,30:13
30,30:14,30:14,30:14,30:14
30,30:15,30:15,30:15,30:15
30,30:16,30:16,30:16,30:16
30,30:17,30:17,30:17,30:17
30,30:18,30:18,30:18,30:18
30,30:19,30:19,30:19,30:19
30,30:20,30:20,30:20,30:20
30,30:21,30:21,30:21,30:21
30,30:22,30:22,30:22,30:22
30,30:23,30:23,30:23,30:23
30,30:24,30:24,30:24,30:24
30,30:25,30:25,30:25,30:25
30,30:26,30:26,30:26,30:26
30,30:27,30:27,30:27,30:27
30,30:28,30:28,30:28,30:28
30,30:29,30:29,30:29,30:29
30,30:30,30:30,30:30,30:30
30,30:31,30:31,30:31,30:31
30,30:32,30:32,30:32,30:32
30,30:33,30:33,30:33,30:33
30,30:34,30:34,30:34,30:34
30,30:35,30:35,30:35,30:35
30,30:36,30:36,30:36,30:36
30,30:37,30:37,30:37,30:37
30,30:38,30:38,30:38,30:38
30,30:39,30:39,30:39,30:39
30,30:40,30:40,30:40,30:40
30,30:41,30:41,30:41,30:41
30,30:42,30:42,30:42,30:42
30,30:43,30:43,30:43,30:43
31,31:1,31:1,31:1,31:1
31,31:2,31:2,31:2,31:2
31,31:3,31:3,31:3,31:3
31,31:4,31:4,31:4,31:4
31,31:5,31:5,31:5,31:5
31,31:6,31:6,31:6,31:6
31,31:7,31:7,31:7,31:7
31,31:8,31:8,31:8,31:8
31,31:9,31:9,31:9,31:9
31,31:10,31:10,31:10,31:10
31,31:11,31:11,31:11,31:11
31,31:12,31:12,31:12,31:12
31,31:13,31:13,31:13,31:13
31,31:14,31:14,31:14,31:14
31,31:15,31:15,31:15,31:15
31,31:16,31:16,31:16,31:16
31,31:17,31:17,31:17,31:17
31,31:18,31:18,31:18,31:18
31,31:19,31:19,31:19,31:19
31,31:20,31:20,31:20,31:20
31,31:21,31:21,31:21,31:21
31,31:22,31:22,31:22,31:22
31,31:23,31:23,31:23,31:23
31,31:24,31:24,31:24,31:24
31,31:25,31:25,31:25,31:25
31,31:26,31:26,31:26,31:26
31,31:27,31:27,31:27,31:27
31,31:28,31:28,31:28,31:28
31,31:29,31:29,31:29,31:29
31,31:30,31:30,31:30,31:30
31,31:31,31:31,31:31,31:31
31,31:32,31:32,31:32,31:32
31,31:33,31:33,31:33,31:33
31,31:34,31:34,31:34,31:34
31,31:35,31:35,31:35,31:35
31,31:36,31:36,31:36,31:36
31,31:37,31:37,31:37,31:37
31,31:38,31:38,31:38,31:38
31,31:39,31:39,31:39,31:39
31,31:40,31:40,31:40,31:40
31,31:41,31:41,31:41,31:41
31,31:42,31:42,31:42,31:42
31,31:43,31:43,31:43,31:43
31,31:44,31:44,31:44,31:44
31,31:45,31:45,31:45,31:45
31,31:46,31:46,31:46,31:46
31,31:47,31:47,31:47,31:47
31,31:48,31:48,31:48,31:48
31,31:49,31:49,31:49,31:49
31,31:50,31:50,31:50,31:50
31,31:51,31:51,31:50a,31:51
31,31:52,31:52,31:52,31:52
31,31:53,31:53,31:53,31:53
31,31:54,31:54,31:54,31:54
31,31:55,31:55,,31:55
32,32:1,32:1,32:1,32:1
32,32:2,32:2,32:2,32:2
32,32:3,32:3,32:3,32:3
32,32:4,32:4,32:4,32:4
32,32:5,32:5,32:5,32:5
32,32:6,32:6,32:6,32:6
32,32:7,32:7,32:7,32:7
32,32:8,32:8,32:8,32:8
32,32:9,32:9,32:9,32:9
32,32:10,32:10,32:10,32:10
32,32:11,32:11,32:11,32:11
32,32:12,32:12,32:12,32:12
32,32:13,32:13,32:13,32:13
32,32:14,32:14,32:14,32:14
32,32:15,32:15,32:15,32:15
32,32:16,32:16,32:16,32:16
32,32:17,32:17,32:17,32:17
32,32:18,32:18,32:18,32:18
32,32:19,32:19,32:19,32:19
32,32:20,32:20,32:20,32:20
32,32:21,32:21,32:21,32:21
32,32:22,32:22,32:22,32:22
32,32:23,32:23,32:23,32:23
32,32:24,32:24,32:24,32:24
32,32:25,32:25,32:25,32:25
32,32:26,32:26,32:26,32:26
32,32:27,32:27,32:27,32:27
32,32:28,32:28,32:28,32:28
32,32:29,32:29,32:29,32:29
32,32:30,32:30,32:30,32:30
32,32:31,32:31,32:31,32:31
32,32:32,32:32,32:32,32:32
32,,,32:33,
33,33:1,33:1,33:1,33:1
33,33:2,33:2,33:2,33:2
33,33:3,33:3,33:3,33:3
33,33:4,33:4,33:4,33:4
33,33:5,33:5,33:5,33:5
33,33:6,33:6,33:6,33:6
33,33:7,33:7,33:7,33:7
33,33:8,33:8,33:8,33:8
33,33:9,33:9,33:9,33:9
33,33:10,33:10,33:10,33:10
33,33:11,33:11,33:11,33:11
33,33:12,33:12,33:12,33:12
33,33:13,33:13,33:13,33:13
33,33:14,33:14,33:14,33:14
33,33:15,33:15,33:15,33:15
33,33:16,33:16,33:16,33:16
33,33:17,33:17,33:17,33:17
33,33:18,33:18,33:18,33:18
33,33:19,33:19,33:19,33:19
33,33:20,33:20,33:20,33:20
34,34:1,34:1,34:1,34:1
34,34:2,34:2,34:2,34:2
34,34:3,34:3,34:3,34:3
34,34:4,34:4,34:4,34:4
34,34:5,34:5,34:5,34:5
34,34:6,34:6,34:6,34:6
34,34:7,34:7,34:7,34:7
34,34:8,34:8,34:8,34:8
34,34:9,34:9,34:9,34:9
34,34:10,34:10,34:10,34:10
34,34:11,34:11,34:11,34:11
34,34:12,34:12,34:12,34:12
34,34:13,34:13,34:13,34:13
34,34:14,34:14,34:14,34:14
34,34:15,34:15,34:15,34:15
34,34:16,34:16,34:16,34:16
34,34:17,34:17,34:17,34:17
34,34:18,34:18,34:18,34:18
34,34:19,34:19,34:19,34:19
34,34:20,34:20,34:20,34:20
34,34:21,34:21,34:21,34:21
34,34:22,34:22,34:22,34:22
34,34:23,34:23,34:23,34:23
34,34:24,34:24,34:24,34:24
34,34:25,34:25,34:25,34:25
34,34:26,34:26,34:26,34:26
34,34:27,34:27,34:27,34:27
34,34:28,34:28,34:28,34:28
34,34:29,34:29,34:29,34:29
34,34:30,34:30,34:30,34:30
34,34:31,34:31,34:31,34:31
35,35:1,35:1,35:1,35:1
35,35:2,35:2,35:2,35:2
35,35:3,35:3,35:3,35:3
35,35:4,35:4,35:4,35:4
35,35:5,35:5,35:5,35:5
35,35:6,35:6,35:6,35:6
35,35:7,35:7,35:7,35:7
35,35:8,35:8,35:8,35:8
35,35:9,35:9,35:9,35:9
35,35:10,35:10,35:10,35:10
35,35:11,35:11,35:11,35:11
35,35:12,35:12,35:12,35:12
35,35:13,35:13,35:13,35:13
35,35:14,35:14,35:14,35:14
35,35:15,35:15,35:15,35:15
35,35:16,35:16,35:16,35:16
35,35:17,35:17,35:17,35:17
35,35:18,35:18,35:18,35:18
35,35:19,35:19,35:19,35:19
35,35:20,35:20,35:20,35:20
35,35:21,35:21,,35:21
35,35:22,35:22,35:22,35:22
35,35:23,35:23,35:23,35:23
35,35:24,35:24,35:24,35:24
35,35:25,35:25,35:25,35:25
35,35:26,35:26,35:26,35:26
35,35:27,35:27,35:27,35:27
35,35:28,35:28,35:28,35:28
35,35:29,35:29,35:29,35:29
36,36:1,36:1,36:1,36:1
36,36:2,36:2,36:2,36:2
36,36:3,36:3,36:3,36:3
36,36:4,36:4,36:4,36:4
36,36:5,36:5,36:5,36:5
36,36:6,36:6,36:6,36:6
36,36:7,36:7,36:7,36:7
36,36:8,36:8,36:8,36:8
36,36:9,36:9,36:9,36:9
36,36:10,36:10,36:10,36:10
36,36:11,36:11,36:11,36:11
36,36:12,36:12,36:12,36:12
36,36:13,36:13,36:13,36:13
36,36:14,36:14,36:14,36:14
36,36:15,36:15,36:15,36:15
36,36:16,36:16,36:16,36:16
36,36:17,36:17,36:17,36:17
36,36:18,36:18,36:18,36:18
36,36:19,36:19,36:19,36:19
36,36:20,36:20,36:20,36:20
36,36:21,36:21,36:21,36:21
36,36:22,36:22,36:22,36:22
36,36:23,36:23,36:23,36:23
36,36:24,36:24,36:24,36:24
36,36:25,36:25,36:25,36:25
36,36:26,36:26,36:26,36:26
36,36:27,36:27,36:27,36:27
36,36:28,36:28,36:28,36:28
36,36:29,36:29,36:29,36:29
36,36:30,36:30,36:30,36:30
36,36:31,36:31,36:31,36:31
36,36:32,36:32,36:32,36:32
36,36:33,36:33,36:33,36:33
36,36:34,36:34,36:34,36:34
36,36:35,36:35,36:35,36:35
36,36:36,36:36,36:36,36:36
36,36:37,36:37,36:37,36:37
36,36:38,36:38,36:38,36:38
36,36:39,36:39,36:39,36:39
36,36:40,36:40,36:40,36:40
36,36:41,36:41,36:41,36:41
36,36:42,36:42,36:42,36:42
36,36:43,36:43,36:43,36:43
37,37:1,37:1,37:1,37:1
37,37:2,37:2,37:2,37:2
37,37:3,37:3,37:3,37:3
37,37:4,37:4,37:4,37:4
37,37:5,37:5,37:5,37:5
37,37:6,37:6,37:6,37:6
37,37:7,37:7,37:7,37:7
37,37:8,37:8,37:8,37:8
37,37:9,37:9,37:9,37:9
37,37:10,37:10,37:10,37:10
37,37:11,37:11,37:11,37:11
37,37:12,37:12,37:12,37:12
37,37:13,37:13,37:13,37:13
37,37:14,37:14,37:14,37:14
37,37:15,37:15,37:15,37:15
37,37:16,37:16,37:16,37:16
37,37:17,37:17,37:17,37:17
37,37:18,37:18,37:18,37:18
37,37:19,37:19,37:19,37:19
37,37:20,37:20,37:20,37:20
37,37:21,37:21,37:21,37:21
37,37:22,37:22,37:22,37:22
37,37:23,37:23,37:23,37:23
37,37:24,37:24,37:24,37:24
37,37:25,37:25,37:25,37:25
37,37:26,37:26,37:26,37:26
37,37:27,37:27,37:27,37:27
37,37:28,37:28,37:28,37:28
37,37:29,37:29,37:29,37:29
37,37:30,37:30,37:30,37:30
37,37:31,37:31,37:31,37:31
37,37:32,37:32,37:32,37:32
37,37:33,37:33,37:33,37:33
37,37:34,37:34,37:34,37:34
37,37:35,37:35,37:35,37:35
37,37:36,37:36,37:36,37:36
38,38:1,38:1,38:1,38:1
38,38:2,38:2,38:2,38:2
38,38:3,38:3,38:3,38:3
38,38:4,38:4,38:4,38:4
38,38:5,38:5,38:5,38:5
38,38:6,38:6,38:6,38:6
38,38:7,38:7,38:7,38:7
38,38:8,38:8,38:8,38:8
38,38:9,38:9,38:9,38:9
38,38:10,38:10,38:10,38:10
38,38:11,38:11,38:11,38:11
38,38:12,38:12,38:12,38:12
38,38:13,38:13,38:13,38:13
38,38:14,38:14,38:14,38:14
38,38:15,38:15,38:15,38:15
38,38:16,38:16,38:16,38:16
38,38:17,38:17,38:17,38:17
38,38:18,38:18,38:18,38:18
38,38:19,38:19,38:19,38:19
38,38:20,38:20,38:20,38:20
38,38:21,38:21,38:21,38:21
38,38:22,38:22,38:22,38:22
38,38:23,38:23,38:23,38:23
38,38:24,38:24,38:24,38:24
38,38:25,38:25,38:25,38:25
38,38:26,38:26,38:26,38:26
38,38:27,38:27,38:27,38:27
38,38:28,38:28,38:28,38:28
38,38:29,38:29,38:29,38:29
38,38:30,38:30,38:30,38:30
39,39:1,39:1,39:1,39:1
39,39:2,39:2,39:2,39:2
39,39:3,39:3,39:3,39:3
39,39:4,39:4,39:4,39:4
39,39:5,39:5,39:5,39:5
39,39:6,39:6,39:6,39:6
39,39:7,39:7,39:7,39:7
39,39:8,39:8,39:8,39:8
39,39:9,39:9,39:9,39:9
39,39:10,39:10,39:10,39:10
39,39:11,39:11,39:11,39:11
39,39:12,39:12,39:12,39:12
39,39:13,39:13,39:13,39:13
39,39:14,39:14,39:14,39:14
39,39:15,39:15,39:15,39:15
39,39:16,39:16,39:16,39:16
39,39:17,39:17,39:17,39:17
39,39:18,39:18,39:18,39:18
39,39:19,39:19,39:19,39:19
39,39:20,39:20,39:20,39:20
39,39:21,39:21,39:21,39:21
39,39:22,39:22,39:22,39:22
39,39:23,39:23,39:23,39:23
40,40:1,40:1,40:1,40:1
40,40:2,40:2,40:2,40:2
40,40:3,40:3,40:3,40:3
40,40:4,40:4,40:4,40:4
40,40:5,40:5,40:5,40:5
40,40:6,40:6,40:6,40:6
40,40:7,40:7,40:7,40:7
40,40:8,40:8,40:8,40:8
40,40:9,40:9,40:9,40:9
40,40:10,40:10,40:10,40:10
40,40:11,40:11,40:11,40:11
40,40:12,40:12,40:12,40:12
40,40:13,40:13,40:13,40:13
40,40:14,40:14,40:14,40:14
40,40:15,40:15,40:15,40:15
40,40:16,40:16,40:16,40:16
40,40:17,40:17,40:17,40:17
40,40:18,40:18,40:18,40:18
40,40:19,40:19,40:19,40:19
40,40:20,40:20,40:20,40:20
40,40:21,40:21,40:21,40:21
40,40:22,40:22,40:22,40:22
40,40:23,40:23,40:23,40:23
41,41:1,41:1,41:1,41:1
41,41:2,41:2,41:2,41:2
41,41:3,41:3,41:3,41:3
41,41:4,41:4,41:4,41:4
41,41:5,41:5,41:5,41:5
41,41:6,41:6,41:6,41:6
41,41:7,41:7,41:7,41:7
41,41:8,41:8,41:8,41:8
41,41:9,41:9,41:9,41:9
41,41:10,41:10,41:10,41:10
41,41:11,41:11,41:11,41:11
41,41:12,41:12,41:12,41:12
41,41:13,41:13,41:13,41:13
41,41:14,41:14,41:14,41:14
41,41:15,41:15,41:15,41:15
41,41:16,41:16,41:16,41:16
41,41:17,41:17,41:17,41:17
41,41:18,41:18,41:18,41:18
41,41:19,41:19,41:19,41:19
41,41:20,41:20,41:20,41:20
41,41:21,41:21,41:21,41:21
41,41:22,41:22,41:22,41:22
41,41:23,41:23,41:23,41:23
41,41:24,41:24,41:24,41:24
41,41:25,41:25,41:25,41:25
41,41:26,41:26,41:26,41:26
41,41:27,41:27,41:27,41:27
41,41:28,41:28,41:28,41:28
41,41:29,41:29,41:29,41:29
41,41:30,41:30,41:30,41:30
41,41:31,41:31,41:31,41:31
41,41:32,41:32,41:32,41:32
41,41:33,41:33,41:33,41:33
41,41:34,41:34,41:34,41:34
41,41:35,41:35,41:35,41:35
41,41:36,41:36,41:36,41:36
41,41:37,41:37,41:37,41:37
41,41:38,41:38,41:38,41:38
41,41:39,41:39,41:39,41:39
41,41:40,41:40,41:40,41:40
41,41:41,41:41,41:41,41:41
41,41:42,41:42,41:42,41:42
41,41:43,41:43,41:43,41:43
41,41:44,41:44,41:44,41:44
41,41:45,41:45,41:45,41:45
41,41:46,41:46,41:46,41:46
41,41:47,41:47,41:47,41:47
41,41:48,41:48,41:48,41:48
41,41:49,41:49,41:49,41:49
41,41:50,41:50,41:50,41:50
41,41:51,41:51,41:51,41:51
41,41:52,41:52,41:52,41:52
41,41:53,41:53,41:53,41:53
41,41:54,41:54,41:54,41:54
41,41:55,41:55,41:55,41:55
41,41:56,41:56,41:56,41:56
41,41:57,41:57,41:57,41:57
42,42:1,42:1,42:1,42:1
42,42:2,42:2,42:2,42:2
42,42:3,42:3,42:3,42:3
42,42:4,42:4,42:4,42:4
42,42:5,42:5,42:5,42:5
42,42:6,42:6,42:6,42:6
42,42:7,42:7,42:7,42:7
42,42:8,42:8,42:8,42:8
42,42:9,42:9,42:9,42:9
42,42:10,42:10,42:10,42:10
42,42:11,42:11,42:11,42:11
42,42:12,42:12,42:12,42:12
42,42:13,42:13,42:13,42:13
42,42:14,42:14,42:14,42:14
42,42:15,42:15,42:15,42:15
42,42:16,42:16,42:16,42:16
42,42:17,42:17,42:17,42:17
42,42:18,42:18,42:18,42:18
42,42:19,42:19,42:19,42:19
42,42:20,42:20,42:20,42:20
42,42:21,42:21,42:21,42:21
42,42:22,42:22,42:22,42:22
42,42:23,42:23,42:23,42:23
42,42:24,42:24,42:24,42:24
42,42:25,42:25,42:25,42:25
42,42:26,42:26,42:26,42:26
42,42:27,42:27,42:27,42:27
42,42:28,42:28,42:28,42:28
42,42:29,42:29,42:29,42:29
42,42:30,42:30,42:30,42:30
42,42:31,42:31,42:31,42:31
42,42:32,42:32,42:32,42:32
42,42:33,42:33,42:33,42:33
42,42:34,42:34,42:34,42:34
42,42:35,42:35,42:35,42:35
42,42:36,42:36,42:36,42:36
42,42:37,42:37,42:37,42:37
42,42:38,42:38,42:38,42:38
43,43:1,43:1,43:1,43:1
43,43:2,43:2,43:2,43:2
43,43:3,43:3,43:3,43:3
43,43:4,43:4,43:4,43:4
43,43:5,43:5,43:5,43:5
43,43:6,43:6,43:6,43:6
43,43:7,43:7,43:7,43:7
43,43:8,43:8,43:8,43:8
43,43:9,43:9,43:9,43:9
43,43:10,43:10,43:10,43:10
43,43:11,43:11,43:11,43:11
43,43:12,43:12,43:12,43:12
43,43:13,43:13,43:13,43:13
43,43:14,43:14,43:14,43:14
43,43:15,43:15,43:15,43:15
43,43:16,43:16,43:16,43:16
43,43:17,43:17,43:17,43:17
43,43:18,43:18,43:18,43:18
43,43:19,43:19,43:19,43:19
43,43:20,43:20,43:20,43:20
43,43:21,43:21,43:21,43:21
43,43:22,43:22,43:22,43:22
43,43:23,43:23,43:23,43:23
43,43:24,43:24,43:24,43:24
43,43:25,43:25,43:25,43:25
43,43:26,43:26,43:26,43:26
43,43:27,43:27,43:27,43:27
43,43:28,43:28,43:28,43:28
43,43:29,43:29,43:29,43:29
43,43:30,43:30,43:30,43:30
43,43:31,43:31,43:31,43:31
43,43:32,43:32,43:32,43:32
43,43:33,43:33,43:33,43:33
43,43:34,43:34,43:34,43:34
44,44:1,44:1,44:1,44:1
44,44:2,44:2,44:2,44:2
44,44:3,44:3,44:3,44:3
44,44:4,44:4,44:4,44:4
44,44:5,44:5,44:5,44:5
44,44:6,44:6,44:6,44:6
44,44:7,44:7,44:7,44:7
44,44:8,44:8,44:8,44:8
44,44:9,44:9,44:9,44:9
44,44:10,44:10,44:10,44:10
44,44:11,44:11,44:11,44:11
44,44:12,44:12,44:12,44:12
44,44:13,44:13,44:13,44:13
44,44:14,44:14,44:14,44:14
44,44:15,44:15,44:15,44:15
44,44:16,44:16,44:16,44:16
44,44:17,44:17,44:17,44:17
44,44:18,44:18,44:18,44:18
44,44:19,44:19,44:19,44:19
44,44:20,44:20,44:20,44:20
44,44:21,44:21,44:21,44:21
44,44:22,44:22,44:22,44:22
44,44:23,44:23,44:23,44:23
44,44:24,44:24,44:24,44:24
44,44:25,44:25,44:25,44:25
44,44:26,44:26,44:26,44:26
44,44:27,44:27,44:27,44:27
44,44:28,44:28,44:28,44:28
44,44:29,44:29,44:29,44:29
44,44:30,44:30,44:30,44:30
44,44:31,44:31,44:31,44:31
44,44:32,44:32,44:32,44:32
44,44:33,44:33,44:33,44:33
44,44:34,44:34,44:34,44:34
45,45:1,45:1,45:1,45:1
45,45:2,45:2,45:2,45:2
45,45:3,45:3,45:3,45:3
45,45:4,45:4,45:4,45:4
45,45:5,45:5,45:5,45:5
45,45:6,45:6,45:6,45:6
45,45:7,45:7,45:7,45:7
45,45:8,45:8,45:8,45:8
45,45:9,45:9,45:9,45:9
45,45:10,45:10,45:10,45:10
45,45:11,45:11,45:11,45:11
45,45:12,45:12,45:12,45:12
45,45:13,45:13,45:13,45:13
45,45:14,45:14,45:14,45:14
45,45:15,45:15,45:15,45:15
45,45:16,45:16,45:16,45:16
45,45:17,45:17,45:17,45:17
45,45:18,45:18,45:18,45:18
45,45:19,45:19,45:19,45:19
45,45:20,45:20,45:20,45:20
45,45:21,45:21,45:21,45:21
45,45:22,45:22,45:22,45:22
45,45:23,45:23,45:23,45:23
45,45:24,45:24,45:24,45:24
45,45:25,45:25,45:25,45:25
45,45:26,45:26,45:26,45:26
45,45:27,45:27,45:27,45:27
45,45:28,45:28,45:28,45:28
46,46:1,46:1,46:1,46:1
46,46:2,46:2,46:2,46:2
46,46:3,46:3,46:3,46:3
46,46:4,46:4,46:4,46:4
46,46:5,46:5,46:5,46:5
46,46:6,46:6,46:6,46:6
46,46:7,46:7,46:7,46:7
46,46:8,46:8,46:8,46:8
46,46:9,46:9,46:9,46:9
46,46:10,46:10,46:10,46:10
46,46:11,46:11,46:11,46:11
46,46:12,46:12,46:12,46:12
46,46:13,46:13,46:13,46:13
46,46:14,46:14,46:14,46:14
46,46:15,46:15,46:15,46:15
46,46:16,46:16,46:16,46:16
46,46:17,46:17,46:17,46:17
46,46:18,46:18,46:18,46:18
46,46:19,46:19,46:19,46:19
46,46:20,46:20,46:20,46:20
46,46:21,46:21,46:21,46:21
46,46:22,46:22,46:22,46:22
46,46:23,46:23,46:23,46:23
46,46:24,46:24,46:24,46:24
46,46:25,46:25,46:25,46:25
46,46:26,46:26,46:26,46:26
46,46:27,46:27,46:27,46:27
46,46:28,46:28,46:28,46:28
46,46:29,46:29,46:29,46:29
46,46:30,46:30,46:30,46:30
46,46:31,46:31,46:31,46:31
46,46:32,46:32,46:32,46:32
46,46:33,46:33,46:33,46:33
46,46:34,46:34,46:34,46:34
47,47:1,47:1,47:1,47:1
47,47:2,47:2,47:2,47:2
47,47:3,47:3,47:3,47:3
47,47:4,47:4,47:4,47:4
47,47:5,47:5,47:5,47:5
47,47:6,47:6,47:6,47:6
47,47:7,47:7,47:7,47:7
47,47:8,47:8,47:8,47:8
47,47:9,47:9,47:9,47:9
47,47:10,47:10,47:10,47:10
47,47:11,47:11,47:11,47:11
47,47:12,47:12,47:12,47:12
47,47:13,47:13,47:13,47:13
47,47:14,47:14,47:14,47:14
47,47:15,47:15,47:15,47:15
47,47:16,47:16,47:16,47:16
47,47:17,47:17,47:17,47:17
47,47:18,47:18,47:18,47:18
47,47:19,47:19,47:19,47:19
47,47:20,47:20,47:20,47:20
47,47:21,47:21,47:21,47:21
47,47:22,47:22,47:22,47:22
47,47:23,47:23,47:23,47:23
47,47:24,47:24,47:24,47:24
47,47:25,47:25,47:25,47:25
47,47:26,47:26,47:26,47:26
47,47:27,47:27,47:27,47:27
47,47:28,47:28,47:28,47:28
47,47:29,47:29,47:29,47:29
47,47:30,47:30,47:30,47:30
47,47:31,47:31,47:31,47:31
48,48:1,48:1,48:1,48:1
48,48:2,48:2,48:2,48:2
48,48:3,48:3,48:3,48:3
48,48:4,48:4,48:4,48:4
48,48:5,48:5,48:5,48:5
48,48:6,48:6,48:6,48:6
48,48:7,48:7,48:7,48:7
48,48:8,48:8,48:8,48:8
48,48:9,48:9,48:9,48:9
48,48:10,48:10,48:10,48:10
48,48:11,48:11,48:11,48:11
48,48:12,48:12,48:12,48:12
48,48:13,48:13,48:13,48:13
48,48:14,48:14,48:14,48:14
48,48:15,48:15,48:15,48:15
48,48:16,48:16,48:16,48:16
48,48:17,48:17,48:17,48:17
48,48:18,48:18,48:18,48:18
48,48:19,48:19,48:19,48:19
48,48:20,48:20,48:20,48:20
48,48:21,48:21,48:21,48:21
48,48:22,48:22,48:22,48:22
49,49:1,49:1,49:1,49:1
49,49:2,49:2,49:2,49:2
49,49:3,49:3,49:3,49:3
49,49:4,49:4,49:4,49:4
49,49:5,49:5,49:5,49:5
49,49:6,49:6,49:6,49:6
49,49:7,49:7,49:7,49:7
49,49:8,49:8,49:8,49:8
49,49:9,49:9,49:9,49:9
49,49:10,49:10,49:10,49:10
49,49:11,49:11,49:11,49:11
49,49:12,49:12,49:12,49:12
49,49:13,49:13,49:13,49:13
49,49:14,49:14,49:14,49:14
49,49:15,49:15,49:15,49:15
49,49:16,49:16,49:16,49:16
49,49:17,49:17,49:17,49:17
49,49:18,49:18,49:18,49:18
49,49:19,49:19,49:19,49:19
49,49:20,49:20,49:20,49:20
49,49:21,49:21,49:21,49:21
49,49:22,49:22,49:22,49:22
49,49:23,49:23,49:23,49:23
49,49:24,49:24,49:24,49:24
49,49:25,49:25,49:25,49:25
49,49:26,49:26,49:26,49:26
49,49:27,49:27,49:27,49:27
49,49:28,49:28,49:28,49:28
49,49:29,49:29,49:29,49:29
49,49:30,49:30,49:30,49:30
49,49:31,49:31,49:31,49:31
49,49:32,49:32,49:32,49:32
49,49:33,49:33,49:33,49:33
50,50:1,50:1,50:1,50:1
50,50:2,50:2,50:2,50:2
50,50:3,50:3,50:3,50:3
50,50:4,50:4,50:4,50:4
50,50:5,50:5,50:5,50:5
50,50:6,50:6,50:6,50:6
50,50:7,50:7,50:7,50:7
50,50:8,50:8,50:8,50:8
50,50:9,50:9,50:9,50:9
50,50:10,50:10,50:10,50:10
50,50:11,50:11,50:11,50:11
50,50:12,50:12,50:12,50:12
50,50:13,50:13,50:13,50:13
50,50:14,50:14,50:14,50:14
50,50:15,50:15,50:15,50:15
50,50:16,50:16,50:16,50:16
50,50:17,50:17,50:17,50:17
50,50:18,50:18,50:18,50:18
50,50:19,50:19,50:19,50:19
50,50:20,50:20,50:20,50:20
50,50:21,50:21,50:21,50:21
50,50:22,50:22,50:22,50:22
50,50:23,50:23,50:23,50:23
50,50:24,50:24,50:24,50:24
50,50:25,50:25,50:25,50:25
50,50:26,50:26,50:26,50:26
